rank,name,market_cap_usd_trillion,daily_price_change_pct,sector
1,"TSMC",2.501,0.72,"Semiconductors"
2,"MediaTek",0.24244,1.73,"Semiconductors"
3,"Delta Electronics",0.16228,2.93,"Electronics/Hardware"
4,"Foxconn",0.11097,1.56,"Electronics/Hardware"
5,"ASE Group",0.10286,1.58,"Semiconductors"
6,"Nan Ya Plastics",0.07818,7.17,"Materials/Energy"
7,"Unimicron",0.0672,0.38,"Electronics/Hardware"
8,"Fubon Financial",0.06675,0.65,"Financials"
9,"UMC",0.05815,3.05,"Semiconductors"
10,"Nanya Technology",0.05567,2.1,"Semiconductors"
11,"Cathay Financial",0.05206,0.89,"Financials"
12,"Quanta Computer",0.04311,0.45,"Electronics/Hardware"
13,"CTBC Financial",0.04243,0.44,"Financials"
14,"Yageo",0.04181,3.52,"Electronics/Hardware"
15,"Wiwynn",0.03908,2.18,"Electronics/Hardware"
16,"Chunghwa Telecom",0.03574,0.15,"Telecom"
17,"Global Unichip",0.03559,1.01,"Semiconductors"
18,"Accton Technology",0.03535,1.71,"Electronics/Hardware"
19,"Taishin Financial",0.03323,1.69,"Financials"
20,"Formosa Petrochemical",0.032,5.42,"Materials/Energy"
