rank,name,market_cap_usd,sector,daily_price_change_pct,country
1,"TSMC",2449000000000,"Semiconductors",2.09,"🇹🇼 Taiwan"
2,"MediaTek",240280000000,"Semiconductors",0.93,"🇹🇼 Taiwan"
3,"Delta Electronics",160310000000,"Electronics/Hardware",1.26,"🇹🇼 Taiwan"
4,"Foxconn (Hon Hai Precision Industry)",110360000000,"Electronics/Hardware",0.6,"🇹🇼 Taiwan"
5,"ASE Group",100610000000,"Semiconductors",2.18,"🇹🇼 Taiwan"
6,"Nan Ya Plastics",77340000000,"Materials/Energy",1.11,"🇹🇼 Taiwan"
7,"Fubon Financial",66090000000,"Financials",0.96,"🇹🇼 Taiwan"
8,"Unimicron",65170000000,"Electronics/Hardware",3.07,"🇹🇼 Taiwan"
9,"United Microelectronics",58450000000,"Semiconductors",0.52,"🇹🇼 Taiwan"
10,"Nanya Technology",57640000000,"Semiconductors",3.5,"🇹🇼 Taiwan"
11,"Cathay Financial Holding",51830000000,"Financials",0.44,"🇹🇼 Taiwan"
12,"CTBC Financial Holding",42200000000,"Financials",0.58,"🇹🇼 Taiwan"
13,"Quanta Computer",41840000000,"Electronics/Hardware",2.99,"🇹🇼 Taiwan"
14,"Yageo",40660000000,"Electronics/Hardware",2.78,"🇹🇼 Taiwan"
15,"Wiwynn",38840000000,"Electronics/Hardware",0.67,"🇹🇼 Taiwan"
16,"Global Unichip Corp.",35880000000,"Semiconductors",0.77,"🇹🇼 Taiwan"
17,"Chunghwa Telecom",35510000000,"Telecom",0.65,"🇹🇼 Taiwan"
18,"Accton Technology",35280000000,"Electronics/Hardware",0.25,"🇹🇼 Taiwan"
19,"Taishin Financial Holdings",32930000000,"Financials",0.95,"🇹🇼 Taiwan"
20,"Formosa Petrochemical",31860000000,"Materials/Energy",0.47,"🇹🇼 Taiwan"
